{"data_size": 14787, "accuracy": 0.9762629336579428, "tp": 531.0, "fp": 168.0, "tn": 13905.0, "fn": 183.0, "precision": 0.759656652360515, "recall": 0.7436974789915967, "F1score": 0.37579617834394907}