{"data_size": 14787, "accuracy": 0.9755190369919524, "tp": 529.0, "fp": 175.0, "tn": 13896.0, "fn": 187.0, "precision": 0.7514204545454546, "recall": 0.7388268156424581, "F1score": 0.37253521126760564}